#{"t_start": 1772134061.5807064, "env_id": "ALE/Pacman-v5"}
r,l,t
11.0,418,2.698581
15.0,414,2.981075
21.0,434,3.309664
14.0,534,3.679758
7.0,322,3.915551
15.0,530,4.274373
18.0,416,4.559191
11.0,402,4.831014
10.0,440,5.139693
11.0,378,5.400923
8.0,386,5.669189
6.0,352,5.916974
24.0,506,6.264258
15.0,386,6.535007
22.0,432,6.838697
12.0,382,7.102624
15.0,424,7.394871
12.0,388,7.661653
15.0,392,7.936599
10.0,332,8.167899
20.0,404,8.446326
22.0,536,8.826748
14.0,694,9.293613
24.0,554,19.637069
13.0,430,29.018638
13.0,412,37.990528
11.0,342,45.483497
14.0,400,54.208256
16.0,434,63.698557
17.0,400,72.43801
11.0,336,79.786328
12.0,404,88.707953
23.0,588,101.726375
14.0,378,110.336215
19.0,568,123.008614
13.0,358,130.932468
14.0,402,139.947331
23.0,554,152.277326
9.0,400,161.12107
19.0,442,170.877705
9.0,316,177.839
15.0,418,187.060107
10.0,310,193.937979
12.0,404,202.937034
28.0,498,214.026972
12.0,382,222.561154
15.0,486,233.400348
21.0,420,243.074175
25.0,654,257.809133
17.0,406,266.977839
19.0,378,275.559235
15.0,398,285.485763
14.0,334,293.762729
14.0,452,305.162663
15.0,396,314.412057
14.0,386,324.108449
15.0,358,332.995175
11.0,426,343.150049
23.0,522,356.471878
11.0,374,365.863194
18.0,408,374.950741
10.0,388,384.024497
15.0,418,393.747322
15.0,422,403.834522
20.0,454,413.994274
21.0,516,425.659982
21.0,478,436.452299
22.0,470,447.955274
11.0,442,459.205593
20.0,416,469.49772
21.0,440,479.439783
22.0,488,490.535408
14.0,394,499.512292
18.0,430,509.713328
12.0,358,518.289337
12.0,360,527.151668
15.0,452,537.915341
13.0,320,545.695486
17.0,404,555.561688
13.0,618,569.677008
17.0,480,580.653016
20.0,414,590.438138
15.0,528,602.792412
18.0,436,613.561053
27.0,470,624.749499
22.0,544,637.421925
14.0,378,646.439197
20.0,456,657.026538
15.0,462,667.991873
15.0,412,677.559901
13.0,478,688.803283
16.0,418,698.391789
12.0,370,707.078956
11.0,386,716.041534
11.0,396,725.476651
15.0,394,734.943084
15.0,380,743.914586
19.0,448,754.890846
11.0,386,764.814049
8.0,412,774.949285
13.0,406,784.554062
17.0,414,794.518844
16.0,562,808.633301
23.0,536,828.56563
29.0,708,864.992806
14.0,390,884.455163
16.0,354,902.805303
16.0,474,926.855336
25.0,452,949.774212
12.0,508,975.267416
10.0,374,994.204409
16.0,422,1015.085359
23.0,478,1038.849642
18.0,416,1059.456922
6.0,326,1075.945635
22.0,452,1098.577964
15.0,490,1123.25479
11.0,464,1146.379846
14.0,502,1171.353574
20.0,442,1193.606937
19.0,476,1217.167138
15.0,386,1236.482778
13.0,404,1256.793478
17.0,458,1279.855026
11.0,438,1301.537413
14.0,476,1325.300335
16.0,416,1345.861147
13.0,406,1366.004091
14.0,428,1387.053772
10.0,352,1404.685152
15.0,382,1423.39573
16.0,406,1443.275013
27.0,412,1463.499578
11.0,354,1481.067976
18.0,444,1502.915596
16.0,570,1531.286769
17.0,484,1555.442932
11.0,388,1574.720679
12.0,392,1594.045991
13.0,344,1610.894327
17.0,430,1631.860041
20.0,494,1655.992043
18.0,368,1673.88288
20.0,418,1694.301624
16.0,376,1712.325419
14.0,414,1732.631151
25.0,606,1762.571146
15.0,458,1785.264333
17.0,428,1806.217476
9.0,362,1823.788315
27.0,448,1845.886598
19.0,472,1868.713458
11.0,454,1890.625126
16.0,426,1911.501649
14.0,420,1932.590412
18.0,420,1952.8938
12.0,374,1970.52533
13.0,400,1989.233672
31.0,534,2014.061433
20.0,398,2032.549251
12.0,416,2051.985364
22.0,484,2074.534845
11.0,360,2091.197376
10.0,496,2114.345793
15.0,434,2134.790776
32.0,722,2168.34923
21.0,486,2190.876445
16.0,386,2209.078946
18.0,510,2233.096055
15.0,456,2254.826162
22.0,456,2276.239718
24.0,636,2305.768037
28.0,480,2328.734776
14.0,434,2349.315462
12.0,398,2368.062651
14.0,474,2390.515986
17.0,502,2413.815009
14.0,406,2432.695589
11.0,388,2450.704849
19.0,384,2468.588703
15.0,392,2486.850522
14.0,416,2505.865926
18.0,474,2527.797434
17.0,478,2550.198925
11.0,356,2566.830253
34.0,548,2592.46503
31.0,582,2619.878629
9.0,386,2637.920554
13.0,436,2658.299586
17.0,514,2682.503003
30.0,590,2710.343131
18.0,418,2730.079083
15.0,382,2748.132115
25.0,638,2777.929528
16.0,420,2797.378669
21.0,464,2819.129166
14.0,356,2835.660592
29.0,576,2862.277278
16.0,460,2883.801676
20.0,466,2905.720524
19.0,482,2928.746739
33.0,443,2949.643915
20.0,494,2972.541683
19.0,504,2996.28429
21.0,462,3017.686018
21.0,544,3042.931869
23.0,480,3065.209533
19.0,546,3090.969793
18.0,362,3107.684331
19.0,522,3132.355464
16.0,400,3151.008228
11.0,432,3171.214776
17.0,516,3194.888722
19.0,484,3217.57688
17.0,378,3235.105154
14.0,376,3252.330943
20.0,586,3279.712891
17.0,516,3303.59016
31.0,640,3333.194402
23.0,516,3357.244258
21.0,412,3376.202434
23.0,594,3404.145187
23.0,590,3431.691833
20.0,516,3455.697315
14.0,474,3477.788427
20.0,478,3500.085131
27.0,526,3524.469458
22.0,398,3543.17222
16.0,380,3560.841578
9.0,390,3579.064655
22.0,478,3601.439775
91.0,614,3630.194129
21.0,662,3661.018801
20.0,404,3679.643442
27.0,500,3702.815434
14.0,488,3725.227202
11.0,350,3741.223378
18.0,428,3760.60863
11.0,386,3778.320481
18.0,448,3799.004575
13.0,356,3815.546249
26.0,686,3847.080076
15.0,394,3865.417139
19.0,556,3891.303281
17.0,506,3914.955163
9.0,332,3930.485339
21.0,476,3952.786965
18.0,410,3971.83158
16.0,418,3991.204139
13.0,376,4009.268237
16.0,362,4026.047982
9.0,350,4042.519152
12.0,414,4061.802374
23.0,512,4085.529835
12.0,426,4104.903188
20.0,416,4124.015025
13.0,392,4141.951632
13.0,402,4160.239549
11.0,454,4181.143075
23.0,462,4202.371389
23.0,452,4223.412427
25.0,516,4247.16662
21.0,650,4277.381894
11.0,422,4296.917194
13.0,420,4316.609162
29.0,538,4341.655122
15.0,442,4362.339316
17.0,444,4382.959837
19.0,482,4405.58804
16.0,486,4428.214614
23.0,410,4447.494076
22.0,432,4467.714695
15.0,454,4488.953289
9.0,408,4507.567233
23.0,534,4531.753561
24.0,626,4560.186906
22.0,486,4582.253298
18.0,534,4606.820747
30.0,636,4636.138664
35.0,596,4663.486697
27.0,546,4688.282239
22.0,508,4711.735224
21.0,502,4735.00576
14.0,430,4755.072224
20.0,446,4775.878322
16.0,424,4795.503531
18.0,472,4817.525725
17.0,524,4841.99992
16.0,460,4863.298923
11.0,428,4883.193652
23.0,514,4906.841557
18.0,508,4930.075443
31.0,638,4959.03025
19.0,426,4978.590465
25.0,530,5002.935768
22.0,548,5028.020187
24.0,514,5051.731741
20.0,510,5075.391745
13.0,408,5094.206406
15.0,458,5115.201922
26.0,494,5138.038008
19.0,804,5175.419223
22.0,488,5198.085401
20.0,688,5229.922288
16.0,432,5250.038576
18.0,476,5271.787513
12.0,394,5289.971951
28.0,476,5312.040008
18.0,426,5331.771785
16.0,546,5356.501388
15.0,436,5376.43753
11.0,436,5396.306829
18.0,376,5413.579789
18.0,444,5433.948279
28.0,528,5457.96492
14.0,398,5476.25003
22.0,524,5500.544862
21.0,486,5523.090802
6.0,408,5541.410911
18.0,434,5561.522693
19.0,478,5583.742633
61.0,712,5616.731467
19.0,498,5639.769354
15.0,450,5660.360552
15.0,474,5682.036847
42.0,820,5720.079586
25.0,464,5741.363876
21.0,506,5764.507497
20.0,534,5789.138037
13.0,458,5810.0733
13.0,342,5825.586845
26.0,586,5852.457828
14.0,440,5872.537681
20.0,496,5895.399065
20.0,426,5914.967508
18.0,462,5935.67914
21.0,424,5954.873817
41.0,708,5987.501422
35.0,756,6022.366805
19.0,510,6045.607297
18.0,440,6066.262729
23.0,524,6090.465452
13.0,654,6120.612316
23.0,478,6142.362741
23.0,482,6164.619884
22.0,426,6184.263322
18.0,436,6204.117998
24.0,450,6224.72909
23.0,456,6245.30586
25.0,552,6270.596864
15.0,548,6295.739772
29.0,590,6322.538263
26.0,506,6345.563877
53.0,608,6373.016931
30.0,550,6398.402933
46.0,818,6436.34599
24.0,504,6459.43136
20.0,544,6484.726044
24.0,454,6505.82133
24.0,684,6537.130121
17.0,486,6559.405818
15.0,474,6580.988927
25.0,650,6610.898368
17.0,638,6639.742078
14.0,524,6663.357778
24.0,568,6689.16785
24.0,494,6711.340403
21.0,674,6741.668958
23.0,422,6760.358952
15.0,562,6785.31139
29.0,630,6813.80593
18.0,588,6840.411715
51.0,690,6871.800316
17.0,618,6900.036981
34.0,592,6927.015671
17.0,484,6949.005777
33.0,594,6975.617738
30.0,692,7007.150377
36.0,632,7036.290108
19.0,522,7060.186934
21.0,528,7084.242681
22.0,536,7108.24502
16.0,670,7138.834014
22.0,594,7165.409227
28.0,474,7186.644035
34.0,606,7213.636703
26.0,616,7241.467809
26.0,582,7267.495363
21.0,612,7295.474082
8.0,536,7320.027186
18.0,406,7338.507778
22.0,536,7363.21137
16.0,502,7386.322474
16.0,432,7405.875394
18.0,640,7435.305511
12.0,410,7453.890091
25.0,502,7476.867942
24.0,408,7495.602428
18.0,514,7518.682688
36.0,682,7549.322192
20.0,546,7574.180756
25.0,580,7599.958031
26.0,518,7622.744087
26.0,600,7649.959349
23.0,470,7671.396404
16.0,404,7689.634975
25.0,512,7712.732584
37.0,534,7737.916093
40.0,588,7767.702851
27.0,554,7794.882705
20.0,414,7814.941667
27.0,656,7847.599126
20.0,482,7871.386011
21.0,530,7899.020701
23.0,502,7923.011583
32.0,718,7960.942398
7.0,444,7982.948777
23.0,584,8010.264503
19.0,500,8034.329561
27.0,552,8060.711925
20.0,508,8085.621707
34.0,494,8110.070922
12.0,412,8133.157943
18.0,396,8152.234046
19.0,430,8172.82812
30.0,562,8199.744298
24.0,520,8224.402457
10.0,364,8241.793428
22.0,484,8264.805316
16.0,472,8287.132191
30.0,608,8316.091418
27.0,526,8340.671394
11.0,406,8359.738412
22.0,468,8381.368485
23.0,470,8403.422017
25.0,484,8426.119832
19.0,454,8447.758794
11.0,388,8466.268779
21.0,466,8488.279606
45.0,654,8519.126382
18.0,406,8538.993003
29.0,476,8562.465017
25.0,488,8588.351598
26.0,588,8615.941138
18.0,458,8637.188688
19.0,482,8659.684145
22.0,590,8687.336765
17.0,422,8707.142649
22.0,552,8732.797926
31.0,620,8761.503536
21.0,544,8786.809041
12.0,450,8807.94006
22.0,522,8832.292885
9.0,388,8850.51713
14.0,434,8870.821137
25.0,574,8897.751786
29.0,690,8929.944828
22.0,478,8952.18649
8.0,394,8970.530547
8.0,400,8989.221214
45.0,936,9032.751311
12.0,404,9051.575913
24.0,498,9074.723844
14.0,518,9098.537227
24.0,496,9121.674828
22.0,514,9145.626141
23.0,668,9176.484031
22.0,450,9197.72653
26.0,616,9226.827412
25.0,534,9251.903282
23.0,550,9277.545688
16.0,456,9298.653765
29.0,634,9328.32785
18.0,536,9353.296614
21.0,564,9379.781622
29.0,626,9409.15331
17.0,510,9432.867877
24.0,524,9457.020938
19.0,500,9480.269411
9.0,404,9499.173322
28.0,632,9528.455467
22.0,514,9552.489115
21.0,612,9581.156613
28.0,596,9608.977903
19.0,440,9629.579337
12.0,408,9648.479835
19.0,510,9672.286041
19.0,404,9690.908193
36.0,840,9729.972473
28.0,530,9754.140677
15.0,496,9776.545693
40.0,568,9802.4194
40.0,758,9836.002028
14.0,418,9854.114166
35.0,744,9886.564073
16.0,424,9905.093724
26.0,524,9927.750154
17.0,508,9950.172179
21.0,464,9970.686749
30.0,618,9998.474025
34.0,494,10020.82864
23.0,464,10041.594594
31.0,564,10066.843609
28.0,622,10094.983892
16.0,436,10115.10905
23.0,562,10140.358918
35.0,555,10165.270308
28.0,572,10191.233457
27.0,456,10212.077496
25.0,554,10236.771646
28.0,484,10258.113759
24.0,596,10283.983185
24.0,614,10311.531766
35.0,592,10337.574764
20.0,524,10360.45286
27.0,624,10387.907664
27.0,490,10409.281278
17.0,468,10429.687254
25.0,522,10453.18673
31.0,608,10480.813725
24.0,570,10506.952424
19.0,426,10526.13979
19.0,502,10548.719012
15.0,506,10571.624377
15.0,474,10593.108522
16.0,490,10615.187107
17.0,526,10639.551123
21.0,466,10660.707611
19.0,440,10680.570929
24.0,514,10702.952093
18.0,428,10721.73427
28.0,516,10744.342877
13.0,394,10761.905623
25.0,500,10784.124979
20.0,502,10806.346851
15.0,480,10827.292202
58.0,760,10860.452577
24.0,584,10886.197461
24.0,714,10918.577386
27.0,562,10943.720743
15.0,420,10962.952722
25.0,512,10986.302365
32.0,634,11015.400948
20.0,492,11037.32739
17.0,398,11054.997983
16.0,464,11075.998944
21.0,468,11097.142264
23.0,596,11124.03056
19.0,392,11141.358915
7.0,304,11154.675552
7.0,380,11170.983636
8.0,372,11187.372196
11.0,476,11208.597947
15.0,436,11227.749056
21.0,472,11248.280374
7.0,420,11266.669163
17.0,506,11288.640077
11.0,454,11308.615456
15.0,424,11327.233606
15.0,488,11348.233406
16.0,444,11367.890111
13.0,388,11385.655605
23.0,510,11408.982682
30.0,578,11434.932536
15.0,432,11454.155755
11.0,454,11474.687023
18.0,480,11495.905959
27.0,720,11528.476884
31.0,632,11557.265085
11.0,422,11576.313226
13.0,448,11596.249533
43.0,632,11623.639668
36.0,624,11650.651449
24.0,508,11672.8745
23.0,436,11692.015461
27.0,562,11716.693756
24.0,446,11736.171298
22.0,596,11762.483861
30.0,518,11785.499445
28.0,712,11816.962234
31.0,544,11841.377601
20.0,502,11864.539686
19.0,522,11887.884972
20.0,544,11912.488035
17.0,432,11931.874532
20.0,470,11953.081228
29.0,586,11979.23413
27.0,720,12012.042089
13.0,512,12034.715338
34.0,550,12058.999664
21.0,632,12086.629034
15.0,462,12106.889663
12.0,454,12127.055579
35.0,758,12160.312031
19.0,514,12182.812212
14.0,434,12202.21807
23.0,512,12224.896312
18.0,506,12247.500175
19.0,470,12268.733788
23.0,474,12290.378757
26.0,492,12312.296015
21.0,576,12338.405633
30.0,522,12362.121977
19.0,474,12383.733686
22.0,598,12410.625422
25.0,526,12434.561868
12.0,464,12455.312706
17.0,494,12477.95627
22.0,564,12503.577417
21.0,502,12525.209253
10.0,508,12547.69035
10.0,488,12568.983994
11.0,462,12589.749511
16.0,602,12616.140448
21.0,482,12637.3441
22.0,522,12660.390878
30.0,572,12685.503399
11.0,530,12708.890867
11.0,428,12728.142554
15.0,530,12752.358789
15.0,508,12775.921137
17.0,556,12801.234526
15.0,458,12821.796682
34.0,550,12846.702024
16.0,476,12868.018281
25.0,538,12892.019423
11.0,540,12916.393488
21.0,586,12942.686557
26.0,672,12972.80358
25.0,600,12999.168467
9.0,472,13019.812457
20.0,506,13041.890242
21.0,516,13064.390397
13.0,524,13087.408446
27.0,550,13111.233618
24.0,680,13141.267153
15.0,470,13161.921907
18.0,560,13186.791515
30.0,596,13214.02023
10.0,516,13237.51467
21.0,528,13261.547233
26.0,558,13286.168154
29.0,558,13311.992311
23.0,560,13339.236359
10.0,412,13359.101423
10.0,442,13380.707008
18.0,568,13408.699843
23.0,542,13435.412034
30.0,614,13465.516927
17.0,530,13491.444026
24.0,494,13516.134202
22.0,548,13543.207631
20.0,424,13564.142328
13.0,448,13586.152254
31.0,536,13612.53119
29.0,496,13637.150857
14.0,434,13658.553035
18.0,428,13679.343309
10.0,412,13699.751371
20.0,484,13723.566221
14.0,420,13744.16271
16.0,390,13763.661724
32.0,738,13799.943377
25.0,508,13825.217983
22.0,602,13854.906484
25.0,494,13879.16382
33.0,646,13910.9751
22.0,520,13936.427989
22.0,452,13958.720192
14.0,430,13980.11123
23.0,484,14003.988193
15.0,422,14024.751958
21.0,538,14051.180013
18.0,436,14072.677168
33.0,530,14098.83791
26.0,508,14123.805465
21.0,508,14148.84376
23.0,520,14174.296158
30.0,502,14198.621063
32.0,634,14229.506731
15.0,474,14252.560181
20.0,574,14280.667537
23.0,530,14306.735729
19.0,442,14328.284868
22.0,488,14352.355189
38.0,718,14387.611293
23.0,402,14407.522619
15.0,506,14432.716113
26.0,676,14466.168045
32.0,506,14491.13992
32.0,558,14518.810425
15.0,588,14548.026387
24.0,596,14577.506366
24.0,476,14601.063556
17.0,446,14623.013651
27.0,528,14649.068065
19.0,420,14669.779601
18.0,466,14692.614462
28.0,556,14720.066184
22.0,590,14749.02995
21.0,494,14773.604338
18.0,474,14797.176741
36.0,640,14828.877741
28.0,594,14858.33472
27.0,654,14890.277459
31.0,502,14914.881659
25.0,510,14940.044714
31.0,606,14969.645882
12.0,370,14987.797402
24.0,540,15014.320742
29.0,582,15042.509275
24.0,530,15068.523631
25.0,530,15094.360717
22.0,472,15117.871295
11.0,444,15139.565828
20.0,560,15167.033576
17.0,508,15191.921695
20.0,414,15212.234798
21.0,442,15233.835975
28.0,606,15263.239602
26.0,546,15289.542181
38.0,564,15314.703274
30.0,566,15339.21817
20.0,592,15364.453399
31.0,520,15386.484734
27.0,618,15412.781694
20.0,622,15439.843002
28.0,534,15462.749404
16.0,460,15482.609237
19.0,506,15503.698237
21.0,490,15524.890807
16.0,428,15543.249151
34.0,592,15568.717719
30.0,494,15589.593471
27.0,536,15612.788366
25.0,490,15633.987332
22.0,586,15659.265191
23.0,448,15678.265384
16.0,404,15696.062387
25.0,478,15716.983266
21.0,590,15742.573022
32.0,592,15768.322659
30.0,592,15796.476852
22.0,420,15815.015232
29.0,460,15836.215251
16.0,446,15855.562098
32.0,630,15883.300914
19.0,428,15901.812008
39.0,596,15928.414561
27.0,602,15954.769545
40.0,730,15987.186841
61.0,1196,16040.233428
27.0,474,16061.357414
17.0,464,16081.202703
44.0,724,16112.077718
21.0,424,16130.171166
34.0,508,16152.015016
31.0,600,16177.42758
32.0,492,16198.499994
31.0,602,16224.515083
19.0,440,16243.374728
27.0,614,16270.062607
24.0,416,16287.656144
17.0,464,16308.031169
30.0,546,16331.264567
23.0,440,16350.530508
17.0,410,16368.155639
45.0,638,16395.718794
17.0,448,16415.545878
21.0,382,16431.796162
28.0,550,16456.577832
26.0,552,16482.202175
18.0,446,16501.999631
31.0,566,16526.46395
33.0,520,16549.139992
17.0,462,16569.321427
19.0,422,16587.030451
31.0,646,16614.970134
15.0,454,16634.328529
26.0,436,16653.068887
29.0,488,16673.749372
27.0,498,16695.139894
12.0,348,16709.749718
21.0,614,16737.273526
18.0,428,16755.854569
33.0,518,16777.890412
50.0,868,16815.62486
27.0,550,16839.175337
18.0,382,16855.780713
24.0,492,16876.718041
36.0,544,16900.108248
33.0,594,16926.103333
38.0,682,16955.171628
22.0,458,16974.890009
32.0,558,16999.031203
26.0,542,17022.984007
32.0,546,17046.729264
27.0,470,17066.700526
25.0,548,17090.373843
26.0,726,17121.781181
27.0,522,17144.90267
37.0,574,17169.342634
28.0,618,17195.671844
28.0,614,17221.814921
23.0,526,17244.250134
34.0,728,17275.51499
37.0,607,17301.985448
32.0,692,17331.609015
41.0,760,17364.061673
33.0,584,17388.93728
33.0,572,17413.764986
47.0,730,17445.045925
39.0,718,17476.608758
31.0,496,17497.86889
36.0,550,17521.515444
34.0,546,17545.172208
25.0,532,17568.0404
42.0,700,17598.390127
35.0,590,17623.796562
38.0,670,17652.346355
23.0,486,17673.264489
31.0,596,17698.530993
38.0,890,17736.671313
35.0,624,17763.485585
28.0,566,17787.561636
32.0,652,17816.095978
28.0,472,17836.231116
24.0,714,17867.172067
36.0,530,17890.187238
27.0,500,17911.514238
22.0,406,17929.405909
20.0,496,17950.68687
184.0,612,17976.708567
18.0,372,17993.079796
30.0,556,18017.476127
32.0,518,18039.903066
35.0,624,18066.963766
28.0,528,18089.687231
33.0,576,18114.780859
35.0,568,18139.155115
31.0,548,18162.530987
41.0,644,18190.04924
31.0,682,18219.529994
24.0,494,18240.781007
32.0,564,18264.843242
32.0,568,18288.993252
28.0,488,18309.991187
31.0,496,18331.594554
35.0,712,18362.71836
32.0,538,18385.846942
33.0,612,18412.218285
28.0,476,18433.030525
39.0,548,18456.778669
38.0,702,18487.155906
32.0,610,18513.425143
35.0,514,18535.589247
36.0,694,18565.169371
19.0,372,18581.062247
27.0,492,18602.133011
33.0,550,18625.686881
28.0,500,18647.374076
44.0,610,18673.640418
20.0,432,18691.550001
22.0,516,18713.796751
28.0,498,18734.924107
22.0,444,18754.202968
29.0,534,18777.090721
35.0,662,18805.546623
23.0,480,18825.750453
23.0,402,18843.06132
34.0,714,18874.233219
35.0,772,18907.656115
26.0,642,18934.977463
34.0,704,18965.187014
30.0,720,18996.358811
23.0,502,19017.84375
33.0,628,19044.765155
21.0,458,19064.906462
32.0,652,19093.28123
29.0,592,19119.332184
36.0,646,19146.733638
33.0,644,19174.287453
24.0,422,19192.468396
31.0,670,19221.265655
24.0,594,19246.796192
41.0,804,19280.874323
30.0,590,19305.999092
36.0,682,19335.267196
23.0,532,19358.421508
25.0,458,19378.194915
22.0,458,19397.772203
27.0,530,19420.749385
35.0,664,19448.749561
30.0,534,19471.608299
36.0,588,19496.796167
23.0,510,19518.898431
39.0,704,19548.640144
45.0,692,19578.624709
27.0,622,19605.231732
30.0,544,19629.202292
20.0,446,19648.702133
23.0,584,19673.679484
29.0,616,19700.314552
30.0,492,19721.539007
28.0,516,19743.967635
28.0,510,19766.018077
26.0,504,19788.245107
35.0,556,19811.702782
24.0,532,19834.676773
36.0,558,19858.264838
36.0,576,19882.925107
31.0,696,19913.23285
20.0,456,19932.811475
28.0,452,19952.294326
26.0,518,19974.578353
36.0,592,19999.968397
34.0,616,20026.620135
26.0,508,20048.765493
32.0,502,20070.47827
32.0,534,20093.624255
67.0,667,20122.780718
30.0,576,20147.374041
32.0,518,20169.802481
30.0,500,20191.750031
24.0,442,20210.873998
35.0,540,20233.90929
47.0,778,20267.903494
52.0,741,20299.796371
31.0,616,20326.264834
34.0,488,20347.374344
35.0,482,20368.517081
24.0,528,20391.187106
23.0,554,20415.218345
12.0,426,20433.836079
24.0,530,20456.625378
26.0,536,20479.593395
16.0,476,20500.67639
31.0,504,20522.468752
21.0,446,20541.546235
24.0,490,20563.225344
37.0,644,20590.921115
28.0,476,20612.031183
36.0,626,20638.842939
35.0,552,20662.825167
23.0,542,20686.327723
26.0,508,20708.221625
33.0,564,20732.576887
32.0,664,20760.656765
24.0,506,20782.734215
30.0,490,20803.859529
36.0,584,20828.999552
37.0,718,20860.209577
28.0,518,20882.592987
29.0,614,20909.312695
35.0,534,20932.250564
27.0,584,20957.139583
33.0,542,20980.000133
18.0,460,21000.327703
36.0,600,21025.51583
24.0,560,21049.561313
43.0,654,21077.9122
29.0,568,21102.394693
32.0,628,21128.952546
30.0,534,21152.296154
22.0,468,21172.624408
24.0,590,21198.233474
33.0,674,21227.343079
33.0,538,21250.277995
28.0,642,21278.171388
34.0,558,21302.015436
25.0,560,21326.206697
30.0,620,21352.968728
21.0,410,21370.531255
32.0,668,21399.171042
27.0,444,21418.312307
31.0,530,21440.921212
28.0,592,21466.499453
39.0,592,21492.530655
29.0,730,21524.014559
49.0,654,21552.155596
52.0,968,21594.265027
30.0,580,21619.280692
35.0,526,21641.609118
30.0,654,21669.7181
27.0,508,21691.302467
32.0,676,21719.780595
37.0,672,21749.31752
38.0,532,21772.296112
35.0,612,21798.30898
31.0,688,21827.858191
34.0,684,21857.14096
43.0,680,21886.360877
30.0,488,21907.452689
32.0,536,21930.140612
36.0,610,21956.555132
33.0,634,21983.514877
36.0,548,22007.675146
33.0,586,22033.030024
26.0,574,22058.341797
33.0,574,22083.112413
42.0,564,22107.186151
40.0,638,22134.983961
47.0,711,22165.468504
45.0,692,22195.218332
30.0,460,22215.406309
30.0,564,22239.702653
29.0,454,22259.624686
26.0,522,22282.071853
35.0,556,22305.63131
34.0,670,22334.8119
22.0,444,22354.077719
36.0,554,22377.718825
31.0,556,22401.963201
37.0,682,22431.172153
32.0,586,22456.812802
35.0,708,22486.968289
35.0,520,22509.608713
35.0,538,22533.086166
38.0,564,22557.686657
20.0,472,22577.578125
39.0,678,22606.624438
36.0,746,22639.047929
38.0,782,22672.905088
30.0,558,22696.718502
38.0,832,22732.213995
26.0,448,22751.545873
31.0,576,22776.583381
27.0,500,22797.750005
32.0,640,22825.489396
32.0,590,22851.108644
37.0,744,22882.98483
39.0,822,22918.51481
37.0,694,22948.748948
47.0,696,22978.141287
32.0,566,23002.890451
35.0,752,23035.336419
49.0,770,23068.777197
35.0,684,23098.207786
35.0,666,23127.264855
34.0,634,23154.327877
30.0,518,23176.373445
40.0,498,23197.628366
28.0,562,23222.108904
34.0,610,23248.358878
32.0,530,23270.994937
42.0,606,23296.702379
35.0,656,23325.109113
31.0,540,23348.124257
20.0,452,23367.305996
36.0,556,23391.765203
41.0,814,23426.999821
39.0,732,23458.218486
72.0,876,23496.281176
36.0,764,23529.484104
38.0,588,23554.606747
34.0,606,23580.593848
35.0,518,23603.341666
36.0,654,23631.604658
28.0,574,23656.249555
30.0,524,23679.077156
29.0,484,23699.743894
42.0,630,23727.171226
48.0,852,23763.227794
40.0,614,23789.819336
32.0,490,23810.750341
37.0,614,23837.383337
35.0,574,23861.640167
54.0,758,23893.640335
28.0,498,23915.084576
34.0,644,23943.296582
44.0,658,23971.967894
37.0,702,24002.297352
36.0,576,24027.354522
42.0,714,24057.843764
31.0,638,24085.516182
37.0,712,24115.602568
40.0,766,24149.337292
35.0,534,24172.061968
19.0,440,24190.921694
38.0,540,24214.129365
46.0,810,24249.264153
35.0,660,24277.609024
24.0,480,24298.390184
32.0,536,24321.842968
40.0,530,24344.530887
53.0,720,24375.613248
20.0,458,24395.656024
31.0,576,24420.967751
27.0,514,24443.32764
37.0,596,24469.096033
36.0,622,24495.624867
21.0,410,24513.062101
38.0,608,24539.245459
39.0,606,24565.077879
37.0,530,24587.843255
36.0,500,24609.249062
41.0,632,24636.295554
42.0,666,24664.890151
42.0,562,24688.797447
48.0,1012,24732.351227
29.0,452,24751.796972
40.0,564,24775.844003
32.0,590,24800.671686
47.0,676,24829.890802
30.0,478,24850.52593
26.0,496,24871.811702
33.0,476,24892.546896
49.0,1004,24935.687008
23.0,498,24956.895694
49.0,876,24994.72032
54.0,920,25033.84319
31.0,458,25053.875053
69.0,908,25092.327075
40.0,666,25121.262904
26.0,534,25144.421258
29.0,658,25173.077885
48.0,1006,25216.499382
37.0,624,25243.030505
39.0,928,25282.717861
48.0,818,25318.452794
49.0,640,25345.639952
56.0,898,25384.499007
26.0,484,25405.10242
45.0,678,25434.015048
41.0,760,25466.874059
40.0,658,25494.936706
45.0,698,25524.617704
45.0,828,25559.921221
23.0,502,25581.391034
14.0,434,25600.389061
23.0,502,25621.670955
26.0,606,25647.811682
16.0,418,25666.13064
34.0,602,25691.796067
21.0,504,25713.671611
42.0,810,25748.424094
43.0,730,25779.996646
67.0,906,25818.777942
53.0,934,25858.764568
30.0,566,25882.640584
25.0,490,25903.986745
38.0,594,25929.734772
30.0,580,25955.155483
40.0,716,25986.296603
27.0,490,26007.625182
25.0,554,26031.890158
24.0,506,26053.781379
31.0,768,26087.81267
69.0,802,26124.468869
52.0,624,26151.068995
31.0,614,26178.312971
27.0,626,26204.702036
34.0,578,26229.912284
39.0,494,26250.718667
36.0,552,26274.702795
49.0,818,26309.752863
20.0,412,26327.410654
45.0,998,26370.218014
42.0,598,26395.764695
33.0,556,26419.557507
41.0,746,26451.141552
40.0,734,26482.558693
65.0,844,26518.468206
64.0,780,26551.983442
47.0,848,26588.574888
38.0,706,26618.764441
40.0,768,26651.496949
27.0,458,26671.14368
48.0,902,26709.999667
41.0,762,26742.077173
49.0,842,26778.438466
44.0,746,26810.327201
37.0,546,26833.927692
48.0,808,26868.901968
47.0,614,26895.047255
28.0,418,26913.65455
23.0,424,26931.516567
42.0,636,26958.796
33.0,566,26982.905463
46.0,700,27012.468117
58.0,784,27046.264888
46.0,800,27080.992727
50.0,866,27117.581643
30.0,506,27139.201957
35.0,492,27160.358221
35.0,744,27192.24965
42.0,872,27231.546939
45.0,802,27266.441143
46.0,542,27290.105171
26.0,568,27314.140129
20.0,518,27336.124329
50.0,1134,27384.749413
42.0,576,27410.483838
12.0,528,27434.049609
25.0,462,27453.958408
28.0,474,27474.530142
51.0,748,27506.770373
33.0,446,27526.144598
23.0,592,27551.422768
49.0,862,27590.607143
25.0,556,27616.389545
36.0,600,27644.466553
30.0,482,27667.88479
26.0,518,27694.272374
33.0,672,27730.006182
38.0,650,27764.474596
37.0,680,27799.537559
38.0,738,27837.138573
58.0,798,27877.280132
40.0,578,27905.290778
52.0,762,27942.004882
38.0,738,27977.745257
66.0,712,28012.035022
46.0,652,28043.540166
26.0,508,28067.869906
49.0,848,28108.827646
55.0,696,28144.186787
24.0,502,28169.523288
30.0,668,28202.387788
38.0,670,28234.868996
47.0,1130,28289.59493
45.0,858,28331.148613
34.0,678,28364.609304
42.0,736,28400.501831
50.0,872,28442.763263
27.0,510,28467.471447
36.0,798,28506.116105
28.0,520,28531.26806
47.0,808,28571.219297
30.0,504,28596.039585
46.0,924,28641.616737
57.0,984,28689.81729
42.0,910,28734.652548
28.0,508,28759.739466
47.0,902,28804.235288
45.0,690,28838.386129
53.0,890,28882.136634
25.0,408,28902.360112
61.0,796,28941.539733
38.0,584,28970.670912
67.0,944,29020.224872
47.0,742,29059.44509
55.0,824,29103.290412
34.0,502,29131.158024
43.0,734,29168.186996
67.0,826,29210.38183
26.0,482,29234.081285
46.0,978,29283.554552
34.0,528,29313.014019
39.0,694,29351.387317
36.0,608,29383.479455
52.0,876,29440.994435
39.0,708,29484.040818
49.0,700,29528.826138
46.0,792,29580.686024
61.0,808,29632.119898
27.0,522,29664.554935
49.0,736,29711.217791
55.0,700,29756.62663
43.0,950,29816.985712
62.0,744,29865.542042
37.0,644,29907.634372
60.0,606,29943.03983
54.0,810,29992.890525
52.0,812,30044.546879
19.0,426,30069.194969
39.0,694,30116.340745
67.0,874,30169.71847
49.0,710,30212.934525
57.0,872,30269.732685
48.0,632,30307.092869
32.0,458,30334.131709
41.0,628,30373.081782
63.0,856,30425.208038
44.0,750,30470.339843
47.0,768,30517.685504
27.0,568,30552.999451
50.0,786,30601.832169
51.0,690,30644.881327
49.0,910,30697.876477
59.0,908,30754.41609
47.0,738,30799.083536
70.0,808,30851.279529
50.0,852,30902.41231
50.0,770,30950.481433
35.0,608,30989.279268
59.0,796,31036.079807
43.0,826,31089.618399
47.0,1040,31145.488307
49.0,756,31191.467117
70.0,752,31237.847808
44.0,732,31278.310504
50.0,884,31331.804481
43.0,676,31373.921507
55.0,802,31422.934121
186.0,820,31471.823336
22.0,410,31496.030978
64.0,628,31536.905508
53.0,764,31581.959454
39.0,790,31628.178345
54.0,744,31675.563287
51.0,620,31711.835889
108.0,856,31762.228506
50.0,764,31809.681943
72.0,760,31860.432668
48.0,854,31913.474564
50.0,714,31958.724479
44.0,792,32008.737913
112.0,922,32065.319994
49.0,730,32109.357285
44.0,636,32145.977269
47.0,718,32187.072449
55.0,976,32246.251208
49.0,730,32291.270301
71.0,676,32328.63195
44.0,960,32376.112319
29.0,612,32406.77671
25.0,546,32433.226927
11.0,356,32450.356535
50.0,764,32488.099903
35.0,654,32520.041869
35.0,523,32545.87643
45.0,612,32576.23685
45.0,696,32610.385686
50.0,720,32645.336382
44.0,740,32681.928279
39.0,620,32712.593669
45.0,800,32750.333988
54.0,794,32789.771379
46.0,624,32820.837534
52.0,818,32861.2585
25.0,528,32886.520374
87.0,1184,32943.994394
35.0,584,32972.557899
67.0,680,33005.484174
54.0,1098,33058.139485
57.0,882,33082.685944
46.0,724,33102.143495
39.0,914,33127.761182
52.0,758,33149.140635
48.0,802,33171.109777
49.0,842,33193.452677
42.0,834,33215.581542
51.0,716,33235.945505
65.0,1000,33264.701425
45.0,774,33287.148043
24.0,442,33299.718498
51.0,880,33323.081259
46.0,828,33346.313898
67.0,844,33369.815189
50.0,746,33389.960059
41.0,748,33410.278848
47.0,720,33429.874455
39.0,814,33452.113287
52.0,896,33476.390491
21.0,460,33488.908612
71.0,866,33512.716744
50.0,664,33530.902527
80.0,866,33554.914822
53.0,978,33581.502661
78.0,898,33606.976012
50.0,800,33629.263291
47.0,948,33655.947663
49.0,714,33674.698117
53.0,868,33698.311703
48.0,706,33718.956851
66.0,948,33746.955447
56.0,908,33772.59058
42.0,612,33789.845707
53.0,730,33810.918229
53.0,782,33832.814071
58.0,770,33854.787943
51.0,736,33876.01387
46.0,718,33896.546317
48.0,698,33915.865291
22.0,390,33926.359004
58.0,988,33953.63105
33.0,608,33970.716206
61.0,870,33995.889859
49.0,698,34015.280871
54.0,686,34035.218289
39.0,702,34054.806859
57.0,1000,34083.133864
70.0,732,34104.05132
23.0,456,34116.840849
38.0,525,34132.00784
65.0,700,34152.516052
190.0,721,34173.467639
54.0,726,34194.387981
37.0,686,34213.530308
46.0,742,34234.930885
49.0,860,34258.20276
49.0,772,34279.676609
60.0,874,34303.979335
123.0,1044,34333.346526
64.0,870,34357.009649
68.0,742,34376.802771
57.0,754,34397.700509
49.0,882,34421.593277
44.0,678,34439.714352
44.0,732,34460.884152
84.0,1134,34493.285261
65.0,690,34512.290411
46.0,658,34531.012246
41.0,676,34550.21991
200.0,810,34573.119169
50.0,758,34594.402926
35.0,480,34607.794869
41.0,778,34629.547642
49.0,858,34653.619173
51.0,674,34671.824211
45.0,698,34691.058029
66.0,720,34711.490698
106.0,1066,34741.976931
55.0,1048,34772.528744
53.0,730,34792.418452
56.0,774,34813.431473
85.0,811,34836.230116
96.0,1058,34865.696304
77.0,754,34886.369209
71.0,864,34911.045325
53.0,716,34930.101542
47.0,796,34951.263499
37.0,662,34972.552607
50.0,748,34993.113186
119.0,1004,35021.579917
105.0,646,35039.687418
74.0,952,35067.08225
38.0,640,35085.921323
83.0,1080,35117.343588
26.0,474,35131.461207
103.0,930,35156.760467
37.0,494,35170.125586
68.0,956,35196.99743
135.0,694,35216.096951
52.0,688,35235.879145
74.0,850,35259.087219
75.0,716,35279.327324
194.0,808,35303.559528
88.0,976,35330.879717
76.0,890,35355.562662
56.0,624,35372.668091
73.0,768,35393.944561
57.0,694,35413.791973
76.0,892,35438.077626
73.0,860,35460.530675
78.0,872,35483.281961
58.0,850,35505.426266
89.0,998,35531.472227
50.0,748,35550.864935
64.0,938,35575.344308
67.0,688,35593.233832
55.0,813,35614.589767
48.0,692,35634.145783
61.0,1042,35662.388105
89.0,940,35689.581103
65.0,952,35715.935054
64.0,824,35741.213541
47.0,758,35763.648607
120.0,944,35790.975018
46.0,760,35811.192834
69.0,702,35830.273986
68.0,970,35857.241851
47.0,758,35879.160233
58.0,896,35904.06001
63.0,924,35929.362075
57.0,892,35954.276755
63.0,848,35978.319143
41.0,578,35993.93975
123.0,867,36018.363221
78.0,924,36044.02109
65.0,916,36069.140632
45.0,718,36089.019651
42.0,612,36105.968064
107.0,748,36126.546116
58.0,796,36148.351512
53.0,738,36169.09865
58.0,800,36191.307013
61.0,866,36215.317512
49.0,667,36233.564857
47.0,624,36251.201611
41.0,832,36273.155399
32.0,650,36290.688682
50.0,906,36315.092067
51.0,688,36335.438174
38.0,668,36355.697206
47.0,918,36382.998428
66.0,978,36410.365107
59.0,926,36435.057601
50.0,924,36459.948965
54.0,764,36480.51755
74.0,872,36503.967147
52.0,692,36524.100461
64.0,822,36548.723844
47.0,806,36572.756693
50.0,726,36594.149482
82.0,894,36620.198183
63.0,809,36643.713678
47.0,708,36664.278751
58.0,948,36692.527662
49.0,798,36715.430421
115.0,1190,36749.259748
41.0,854,36775.534655
31.0,606,36793.740338
67.0,1004,36822.766877
23.0,578,36839.643188
62.0,1048,36869.202004
51.0,686,36888.666427
62.0,970,36917.9109
49.0,752,36938.010346
63.0,906,36962.685357
48.0,690,36982.680314
20.0,542,36997.339187
57.0,932,37022.75615
82.0,890,37046.492855
56.0,596,37061.950259
210.0,940,37087.044176
52.0,808,37109.059911
48.0,922,37134.738724
54.0,802,37156.656882
41.0,644,37173.662381
62.0,1120,37204.678562
54.0,774,37225.987853
59.0,732,37246.210911
50.0,942,37271.23739
64.0,732,37290.373905
79.0,844,37312.439241
104.0,784,37332.99165
81.0,694,37351.736948
30.0,492,37364.884438
111.0,872,37389.023173
63.0,1082,37418.938101
58.0,878,37442.781456
87.0,910,37467.688499
187.0,722,37487.865612
49.0,778,37509.576417
48.0,672,37527.236466
29.0,484,37540.368244
61.0,982,37567.325919
46.0,652,37585.215828
54.0,806,37607.184925
36.0,706,37625.582286
59.0,888,37649.326751
120.0,1072,37678.064677
47.0,728,37697.221803
38.0,708,37715.92631
152.0,922,37741.213223
50.0,654,37759.181905
48.0,618,37775.773366
43.0,666,37794.528528
59.0,686,37813.10647
31.0,584,37828.737672
49.0,716,37847.563212
206.0,884,37870.816811
65.0,654,37888.308961
60.0,1032,37916.502622
28.0,552,37931.497131
58.0,692,37949.581841
81.0,755,37970.708902
44.0,646,37988.597581
39.0,732,38008.758418
84.0,852,38032.189986
64.0,890,38058.177277
50.0,690,38077.955928
126.0,986,38105.075369
30.0,542,38120.442553
114.0,674,38139.75321
353.0,840,38162.752119
87.0,714,38183.823438
72.0,790,38206.221283
77.0,650,38224.481364
57.0,662,38242.969621
65.0,668,38260.87431
51.0,682,38278.917794
54.0,768,38300.253107
23.0,530,38316.450607
58.0,811,38338.345439
34.0,542,38352.682644
40.0,718,38371.930753
122.0,1068,38401.830609
53.0,834,38430.787466
48.0,728,38450.897349
14.0,440,38463.375288
51.0,778,38484.355091
28.0,520,38498.484533
45.0,844,38522.583415
42.0,772,38543.858784
66.0,964,38569.840241
80.0,890,38595.424144
56.0,652,38614.995429
63.0,678,38635.06578
42.0,646,38653.845944
52.0,792,38676.029506
67.0,816,38699.459011
44.0,704,38721.017096
333.0,754,38741.811261
46.0,704,38761.496164
49.0,876,38785.537478
68.0,866,38809.237632
42.0,748,38829.859989
70.0,820,38851.546448
32.0,522,38865.57169
72.0,654,38884.0058
58.0,808,38907.230304
42.0,704,38927.757145
64.0,830,38951.876782
43.0,704,38972.419002
62.0,716,38993.6746
93.0,566,39010.633666
116.0,914,39038.933116
117.0,862,39065.773596
42.0,664,39085.730723
43.0,782,39108.787841
58.0,956,39139.283298
51.0,714,39161.459863
41.0,816,39186.230056
54.0,756,39209.699248
191.0,1052,39242.040568
76.0,956,39271.728093
36.0,640,39291.773029
62.0,1166,39327.707327
61.0,716,39349.516962
59.0,790,39373.435463
105.0,744,39400.264959
80.0,914,39429.840558
68.0,851,39455.892687
39.0,632,39476.124828
34.0,700,39497.737393
98.0,618,39516.403685
26.0,414,39529.061002
46.0,666,39549.048171
58.0,786,39574.289041
56.0,812,39599.649756
26.0,482,39614.387299
52.0,740,39637.10912
76.0,956,39666.202055
80.0,1200,39703.718863
197.0,726,39725.819025
57.0,892,39752.877853
49.0,856,39778.37661
45.0,666,39801.210644
69.0,694,39824.362239
72.0,1032,39856.62655
110.0,684,39878.115402
67.0,786,39901.719747
55.0,930,39935.075351
140.0,731,39961.806411
46.0,628,39982.690187
72.0,1036,40014.672469
75.0,944,40043.32251
42.0,574,40060.963769
24.0,448,40075.596818
56.0,710,40098.506011
22.0,404,40111.681928
52.0,610,40131.27816
92.0,878,40159.438398
60.0,862,40187.180281
64.0,598,40204.949058
49.0,628,40223.211277
51.0,798,40246.884718
61.0,898,40278.423752
63.0,716,40301.762985
63.0,784,40326.074458
46.0,552,40342.368017
30.0,516,40357.499224
63.0,724,40379.699032
58.0,640,40399.872657
133.0,902,40427.294498
175.0,898,40454.824551
79.0,906,40483.074327
132.0,715,40505.079612
50.0,704,40527.051876
69.0,670,40547.579176
100.0,644,40567.394962
45.0,702,40588.956028
86.0,666,40609.00275
18.0,374,40620.295094
30.0,578,40637.657531
66.0,792,40661.669216
47.0,818,40687.126055
28.0,494,40701.470292
75.0,732,40723.106217
136.0,836,40747.468007
79.0,1074,40778.791193
21.0,524,40795.784951
54.0,658,40816.428408
364.0,852,40841.396424
85.0,900,40867.596357
123.0,760,40890.403659
37.0,602,40908.256228
87.0,824,40933.557374
62.0,702,40956.514709
100.0,610,40975.181789
123.0,894,41001.496599
78.0,650,41021.739281
103.0,994,41051.234487
65.0,746,41071.620638
72.0,618,41088.406372
45.0,716,41107.448111
100.0,688,41126.495616
76.0,756,41149.817877
125.0,734,41171.721363
40.0,698,41191.127394
74.0,676,41209.669813
59.0,694,41228.340129
49.0,514,41242.301152
84.0,856,41265.667751
108.0,754,41287.886248
211.0,874,41314.221643
143.0,928,41341.427509
63.0,670,41361.205468
18.0,376,41372.803651
77.0,896,41400.900566
43.0,698,41423.082144
201.0,904,41449.884448
141.0,902,41475.141866
78.0,544,41490.209629
76.0,951,41517.453319
278.0,952,41544.703202
28.0,526,41560.088176
100.0,1132,41592.960234
57.0,568,41609.593204
98.0,870,41634.709145
359.0,788,41657.836334
35.0,475,41672.115229
194.0,802,41695.852998
41.0,561,41713.00911
106.0,1026,41743.464899
46.0,728,41764.506562
67.0,782,41786.495327
62.0,640,41804.472025
156.0,1390,41845.369198
32.0,1224,41880.182286
115.0,684,41899.531359
44.0,650,41917.887644
143.0,1057,41947.702574
43.0,608,41964.915154
60.0,829,41988.51897
89.0,870,42013.617896
23.0,460,42026.605284
219.0,1112,42057.964462
75.0,925,42084.834912
102.0,726,42106.451436
31.0,512,42122.069556
60.0,910,42149.334466
97.0,902,42174.952263
28.0,588,42191.907182
103.0,888,42217.400985
60.0,884,42242.552274
183.0,618,42260.107098
60.0,778,42282.113558
392.0,1242,42317.196295
231.0,967,42344.51617
116.0,760,42366.084278
72.0,882,42390.972648
108.0,528,42405.860552
69.0,726,42426.505463
198.0,1012,42455.043446
88.0,874,42479.683139
107.0,868,42504.325224
110.0,988,42532.997246
124.0,1136,42565.132003
57.0,858,42589.329807
73.0,830,42612.225438
52.0,814,42635.094594
58.0,696,42654.03317
53.0,694,42673.532253
